0,1,2,3,4,5,6,7,8,9,10,11,12
2.2,1376,80,948,172,1092,122,1584,1203,11.0,60.0,0.7867,9.2
1.1,1144,29,667,98,1490,82,1339,730,10.2,59.6,0.7417,3.2
2.0,1333,64,900,174,1136,112,1517,1102,10.8,57.4,0.7408,8.0
2.2,1351,87,960,129,1079,101,1583,1028,10.5,60.6,0.7691,9.5
1.7,1233,77,827,112,1218,98,1446,860,10.8,58.4,0.7552,6.3
1.5,1179,43,762,95,1328,92,1362,671,10.5,57.9,0.7352,5.0
1.6,1236,61,774,104,1301,95,1401,664,9.5,66.8,0.7951,5.2
1.9,1286,63,869,146,1162,112,1537,799,8.3,76.4,0.8393,7.3
2.9,1371,164,1034,207,983,128,1730,1037,8.0,81.1,0.8736,11.5
2.2,1310,79,933,184,1082,126,1647,946,8.3,79.8,0.8778,8.8
2.2,1292,95,912,193,1103,131,1591,957,9.7,71.2,0.8569,8.3
2.9,1383,150,1020,243,1008,135,1719,1104,9.8,67.6,0.8185,11.2
4.8,1581,307,1319,281,799,151,2083,1409,10.3,64.2,0.8065,20.8
6.9,1776,461,1488,383,702,172,2333,1704,9.7,69.3,0.8319,27.4
6.1,1640,401,1404,351,743,165,2191,1654,9.6,67.8,0.8133,24.0
3.9,1313,197,1076,240,957,136,1707,1285,9.1,64.0,0.7419,12.8
1.5,965,61,749,94,1325,85,1333,821,8.2,63.4,0.6905,4.7
1.0,913,26,629,47,1565,53,1252,552,8.2,60.8,0.6657,2.6
1.7,1080,55,805,122,1254,97,1375,816,8.3,58.5,0.6438,5.9
1.9,1044,53,829,133,1247,110,1378,832,7.7,59.7,0.6308,6.4
1.4,988,40,718,82,1396,91,1304,692,7.1,61.8,0.6276,4.1
0.6,847,7,501,30,1895,44,1155,394,6.3,65.0,0.6233,1.0
0.8,927,17,571,56,1685,71,1223,487,6.8,62.9,0.6234,1.8
1.4,1091,33,730,109,1387,104,1361,748,6.4,65.1,0.6316,4.4
4.4,1587,202,1236,307,897,141,1900,1400,7.3,63.1,0.6499,17.9
3.1,1350,208,1118,187,912,122,1712,1237,13.2,41.7,0.632,14.0
2.7,1263,166,1037,216,969,143,1598,1167,14.3,38.4,0.6243,11.6
2.1,1206,114,986,143,1035,113,1537,959,15.0,36.5,0.6195,10.2
2.5,1252,140,1016,160,1008,116,1593,983,16.1,34.5,0.6262,11.0
2.7,1287,169,1078,163,949,123,1660,1061,16.3,35.7,0.656,12.8
2.9,1353,185,1122,190,922,126,1740,1139,15.8,37.0,0.661,14.2
2.8,1309,165,1073,178,954,120,1657,1112,15.9,37.2,0.6657,12.7
2.4,1274,133,1041,150,1006,119,1610,994,16.9,34.3,0.6549,11.7
3.9,1510,233,1277,206,812,149,1910,1410,15.1,39.6,0.6766,19.3
3.7,1525,242,1246,202,821,145,1847,1448,14.4,43.4,0.7084,18.2
6.6,1843,488,1610,340,624,170,2390,1887,12.9,50.5,0.7478,32.6
4.4,1598,333,1299,274,752,149,1941,1627,12.1,53.3,0.7536,20.1
3.5,1484,215,1127,253,839,139,1723,1491,11.0,59.1,0.774,14.3
5.4,1677,367,1346,300,741,134,2062,1657,9.7,64.6,0.7771,21.8
2.7,1280,122,964,193,963,113,1544,1285,9.5,64.1,0.7597,9.6
1.9,1196,67,873,139,1071,97,1463,1144,9.1,63.9,0.7423,7.4
1.6,1184,43,782,83,1176,82,1365,1043,8.8,63.9,0.7256,5.4
1.0,978,30,625,62,1420,65,1274,819,8.3,63.6,0.6982,2.6
1.2,1100,27,646,53,1406,60,1268,835,7.2,67.5,0.6887,2.9
1.5,1112,47,770,139,1228,77,1409,940,6.3,71.9,0.6932,5.1
2.7,1336,132,1043,256,935,96,1678,1192,6.5,71.6,0.6945,11.8
3.7,1408,239,1153,295,830,119,1777,1411,9.6,59.7,0.7124,15.1
3.2,1447,160,1081,250,869,126,1667,1465,12.4,51.2,0.7335,12.9
4.1,1542,283,1184,296,808,158,1780,1583,15.6,42.2,0.7451,16.1
3.6,1451,210,1117,239,875,161,1679,1387,18.4,33.8,0.709,14.0
2.8,1328,154,1059,153,987,124,1600,1101,19.4,31.3,0.695,12.3
2.0,1207,112,924,118,1088,102,1488,850,18.0,34.8,0.7127,8.6
2.0,1240,108,947,119,1049,116,1532,947,18.4,33.6,0.7042,9.2
2.5,1306,111,987,138,1004,124,1554,1078,17.6,35.1,0.7012,10.2
2.3,1326,97,1000,148,976,125,1602,1084,16.7,37.8,0.7117,10.6
3.2,1473,191,1163,227,831,148,1779,1395,16.1,41.0,0.7451,15.5
4.2,1609,258,1286,277,758,165,1922,1612,15.8,42.4,0.7569,19.6
4.2,1611,284,1274,279,754,161,1915,1697,15.7,44.1,0.7786,19.2
4.2,1621,269,1247,283,762,159,1860,1886,15.3,46.8,0.8091,18.3
3.1,1444,180,1089,214,844,143,1748,1624,14.6,48.6,0.806,13.1
2.6,1418,116,1010,172,892,130,1603,1536,14.7,49.3,0.8193,10.9
2.9,1534,93,1013,190,889,129,1611,1535,13.9,53.6,0.8498,11.0
2.8,1484,131,1045,174,880,119,1624,1530,14.6,51.5,0.8536,11.9
2.5,1367,92,925,128,953,104,1543,1337,12.5,58.9,0.8537,8.6
1.2,1062,32,691,53,1272,70,1377,929,11.5,63.1,0.8533,3.7
1.0,1076,29,618,44,1395,63,1333,872,11.6,62.2,0.8473,2.5
0.9,1028,27,615,74,1384,67,1340,853,10.4,67.6,0.853,2.4
1.4,1155,36,722,101,1225,84,1414,959,11.6,62.7,0.853,4.2
1.6,1235,57,828,118,1055,83,1527,1093,12.4,60.0,0.8627,6.4
2.2,1332,129,923,144,952,98,1614,1225,14.5,53.1,0.8728,8.6
2.8,1445,148,1009,176,878,114,1696,1355,16.9,46.1,0.8789,10.9
2.8,1416,145,1002,161,907,119,1677,1262,19.3,38.3,0.8474,10.7
2.0,1281,93,880,113,1084,104,1525,980,21.2,31.4,0.7812,7.5
1.8,1207,84,879,103,1104,102,1490,872,21.4,30.2,0.7616,7.5
1.9,1258,99,906,112,1081,107,1511,900,21.9,29.0,0.7525,8.2
3.0,1458,150,1045,170,974,129,1646,1099,22.2,28.4,0.7516,11.9
2.9,1438,156,1051,180,943,128,1668,1206,21.3,30.8,0.7696,12.0
2.5,1478,122,1055,160,929,121,1671,1262,19.7,36.7,0.8307,12.2
4.6,1808,262,1312,261,753,157,1993,1698,18.4,41.7,0.8732,20.6
5.9,1898,341,1381,325,681,173,2103,1905,17.6,46.1,0.921,23.1
3.4,1560,214,1140,217,784,146,1818,1648,16.7,49.6,0.932,14.7
2.1,1324,100,940,146,924,121,1587,1423,16.3,51.0,0.9341,9.0
2.2,1349,79,933,152,933,119,1617,1349,14.7,55.9,0.9314,8.8
1.8,1239,66,872,104,985,99,1547,1250,14.8,54.7,0.9164,7.4
1.8,1239,73,853,106,1010,93,1543,1174,14.0,57.0,0.9094,6.9
1.8,1224,66,855,108,998,88,1566,1149,13.4,61.3,0.9361,7.0
1.0,1075,39,703,88,1156,74,1464,1010,11.9,67.4,0.9375,3.9
1.4,1157,51,830,138,1030,80,1584,1083,11.4,70.5,0.9475,6.4
2.2,1314,107,966,228,897,89,1710,1235,11.3,70.2,0.9401,9.7
5.5,1797,336,1451,360,652,114,2323,1680,12.4,63.9,0.917,25.9
8.1,1961,618,1701,478,537,149,2665,2184,14.8,54.3,0.9076,36.7
5.8,1771,438,1470,394,622,157,2262,1973,17.4,45.6,0.8993,26.6
4.2,1564,334,1300,319,710,155,2029,1798,19.8,38.5,0.8801,20.1
3.1,1430,221,1120,201,831,134,1783,1522,22.0,34.1,0.8904,14.1
2.9,1417,207,1146,171,830,119,1831,1404,23.3,32.2,0.9096,14.9
2.9,1400,191,1162,159,838,111,1829,1263,23.9,30.0,0.8757,15.4
2.5,1317,185,1053,153,926,104,1707,1137,24.4,28.9,0.8736,12.1
2.3,1318,141,1033,143,950,99,1675,1068,24.4,29.4,0.8848,11.5
2.8,1445,214,1141,156,857,110,1824,1252,23.8,31.3,0.9137,14.8
6.1,1917,471,1601,314,631,162,2447,1843,22.5,35.4,0.9547,32.1
8.0,2040,685,1754,404,542,187,2679,2122,20.4,42.5,1.0086,39.2
6.5,1895,538,1573,320,565,165,2443,1992,18.3,52.6,1.0945,31.0
4.2,1595,319,1294,256,678,145,2058,1707,16.7,57.4,1.0786,19.9
3.2,1439,224,1159,193,764,125,1856,1494,15.7,60.2,1.0654,15.3
1.4,1142,67,852,89,1008,101,1547,1164,15.3,61.4,1.058,6.9
2.1,1304,155,1019,127,852,103,1731,1272,14.1,65.7,1.0494,11.1
1.2,1074,49,784,79,1098,88,1483,1040,14.8,60.6,1.0148,5.4
0.8,968,29,640,43,1320,61,1386,867,14.8,59.2,0.9879,2.8
0.6,937,17,585,38,1412,52,1348,793,12.8,63.2,0.9283,2.0
0.9,1017,27,681,82,1246,64,1418,870,11.2,68.5,0.9081,3.5
1.3,1171,50,770,99,1162,70,1467,930,11.0,66.5,0.8705,5.1
3.4,1541,218,1185,263,770,97,1889,1407,11.7,63.7,0.8719,16.2
3.7,1539,285,1287,229,698,95,2055,1507,13.6,56.3,0.8743,19.7
5.3,1735,437,1431,396,628,150,2211,1843,17.8,42.9,0.8672,25.1
4.1,1571,327,1297,314,730,162,1973,1729,21.4,33.3,0.8417,20.0
3.3,1452,283,1250,217,776,154,1868,1583,24.4,27.4,0.8231,18.3
4.0,1579,366,1359,252,724,161,1998,1671,25.3,26.1,0.8264,22.3
3.8,1466,318,1309,263,773,161,1897,1491,25.8,23.2,0.7589,20.4
2.8,1280,228,1136,180,893,128,1675,1240,27.0,20.2,0.7094,14.6
2.9,1407,201,1197,184,905,129,1759,1313,28.2,18.6,0.7014,16.6
2.9,1389,199,1173,190,898,133,1739,1363,28.0,19.1,0.7098,15.8
3.4,1447,237,1235,184,859,139,1778,1296,23.9,25.7,0.7519,17.8
3.9,1551,261,1271,181,800,137,1875,1432,21.3,34.8,0.873,19.1
3.2,1474,230,1173,166,854,143,1776,1432,20.4,36.7,0.8704,15.8
5.1,1800,349,1426,317,700,177,2106,2034,19.0,41.3,0.9007,24.9
2.6,1379,183,1101,184,818,138,1710,1602,17.9,45.9,0.9342,13.5
1.7,1201,88,943,130,935,117,1560,1362,16.7,48.9,0.9226,9.1
1.7,1205,85,925,132,922,107,1547,1314,15.5,52.9,0.9271,8.6
1.2,1072,47,784,95,1066,90,1442,1114,15.5,51.9,0.9059,5.4
0.9,998,34,714,70,1169,79,1383,992,14.1,55.6,0.891,4.1
0.5,869,11,554,28,1460,40,1268,667,11.8,58.0,0.8026,1.6
0.5,891,18,576,46,1417,53,1289,733,11.9,57.4,0.7978,1.9
1.6,1173,84,878,160,1038,84,1556,1052,9.9,65.2,0.7956,7.5
4.1,1587,260,1334,320,702,108,1999,1534,11.1,60.2,0.7958,21.4
6.6,1852,534,1696,377,553,127,2535,1931,14.1,50.0,0.802,36.4
4.3,1522,368,1331,280,703,134,2026,1734,17.7,40.1,0.8048,21.3
2.9,1438,200,1161,221,819,135,1782,1595,21.1,33.4,0.8265,15.4
2.5,1393,145,1067,210,905,142,1654,1490,24.3,28.3,0.8471,12.5
2.8,1452,188,1152,204,861,153,1747,1508,25.6,25.6,0.8254,15.1
2.6,1389,152,1108,161,887,123,1712,1334,25.9,25.9,0.8503,13.7
2.0,1207,103,994,135,1013,104,1520,1045,26.8,18.7,0.65,10.4
2.9,1365,193,1154,186,940,129,1679,1221,29.3,15.8,0.6309,15.2
2.5,1247,134,1060,147,1032,114,1525,1069,28.5,14.9,0.5708,12.3
5.0,1557,386,1478,299,793,158,1981,1569,25.9,16.0,0.5237,27.0
7.6,1973,577,1737,411,617,194,2414,2306,23.1,26.5,0.7403,38.4
6.7,1975,523,1667,347,597,182,2416,2359,20.5,38.2,0.9133,35.1
5.7,1795,472,1485,336,653,180,2174,2050,19.1,42.6,0.9294,27.2
2.8,1444,206,1150,202,770,136,1727,1727,17.2,44.1,0.8558,15.0
2.6,1488,216,1171,178,731,127,1778,1705,16.0,50.9,0.9206,15.7
2.3,1371,159,1083,154,796,116,1669,1551,14.8,53.9,0.9024,13.0
1.4,1161,70,904,92,947,107,1502,1240,14.3,55.4,0.8975,8.1
1.0,1064,44,787,61,1057,88,1407,1115,14.8,52.1,0.8686,5.5
0.6,931,20,623,37,1293,57,1307,828,12.0,58.9,0.8233,2.5
0.7,938,26,650,68,1251,71,1333,893,10.9,62.1,0.8113,3.0
1.5,1166,78,885,139,1005,85,1551,1075,10.6,63.3,0.8067,7.7
4.7,1643,319,1384,339,667,124,2094,1610,11.5,60.0,0.8117,23.3
6.6,1934,506,1682,421,541,151,2468,2051,14.3,50.6,0.8186,35.8
2.3,1076,451,1034,150,964,101,1544,813,21.3,24.2,0.606,11.6
2.6,1152,185,1062,138,928,103,1606,850,20.2,28.5,0.6682,12.4
3.8,1407,426,1249,213,720,129,1932,1276,17.0,43.1,0.8264,18.3
4.4,1438,672,1325,232,678,143,1993,1401,15.6,47.4,0.8347,21.0
4.5,1425,624,1325,238,678,146,1965,1356,15.3,47.4,0.8178,21.0
3.3,1279,325,1131,180,775,124,1758,1243,14.5,49.7,0.8177,14.5
2.0,1132,143,916,128,920,113,1561,1083,13.9,52.0,0.8231,8.4
1.1,1006,89,729,65,1142,80,1370,795,14.5,49.4,0.8106,4.3
0.9,982,73,700,53,1204,72,1359,735,13.8,51.4,0.8071,3.8
0.8,969,48,636,47,1271,64,1309,684,14.0,51.3,0.8163,2.7
0.7,941,47,621,51,1298,70,1330,714,13.0,56.8,0.8444,2.5
0.3,834,19,459,13,1908,22,1212,361,8.8,80.5,0.9147,0.6
0.5,909,26,567,33,1542,47,1287,418,9.6,75.4,0.9004,1.8
1.1,1061,60,745,103,1178,88,1429,616,9.8,75.0,0.9093,4.6
3.0,1441,248,1124,224,851,130,1829,1089,10.0,74.2,0.9117,14.2
3.8,1498,535,1325,244,684,132,2095,1329,11.2,69.7,0.9232,21.0
3.4,1343,340,1185,237,760,132,1857,1311,12.0,62.9,0.8803,16.2
3.0,1308,325,1166,220,792,131,1794,1236,12.8,55.8,0.821,15.5
2.7,1209,267,1097,207,837,129,1746,1147,13.1,54.8,0.8234,13.4
3.5,1310,325,1207,208,770,132,1847,1301,13.8,53.4,0.8351,16.9
2.8,1171,268,1064,160,881,110,1639,1097,16.0,42.4,0.7674,12.4
1.9,1112,136,980,131,924,99,1589,900,14.1,49.8,0.7971,10.1
2.0,1132,118,927,128,944,100,1570,781,12.0,61.1,0.8537,8.7
3.0,1225,276,1111,176,818,122,1719,1013,13.6,54.6,0.8465,13.8
1.9,1065,151,953,107,962,97,1514,790,13.7,49.5,0.7695,9.3
2.7,1236,236,1084,131,854,112,1688,1059,11.7,57.1,0.7822,13.0
3.3,1309,220,1126,166,812,128,1722,1205,11.5,58.2,0.7867,14.3
1.7,1089,87,884,89,1006,101,1487,975,12.6,54.2,0.7881,7.6
1.3,1000,81,776,81,1141,96,1375,896,12.0,54.9,0.7664,5.3
1.3,1041,74,782,78,1105,86,1425,911,11.0,61.4,0.8057,5.4
1.2,1045,55,756,70,1137,85,1411,902,11.1,62.2,0.8199,4.9
1.1,997,74,744,76,1151,79,1405,832,10.8,62.5,0.8082,4.6
0.9,948,35,634,43,1320,61,1326,715,11.3,60.0,0.8025,2.7
0.6,892,20,522,34,1572,54,1255,648,10.9,58.6,0.7628,1.2
0.8,954,32,561,43,1496,57,1255,612,10.8,57.2,0.7382,1.7
1.2,1045,84,751,79,1186,75,1403,800,10.4,59.2,0.7455,4.8
3.1,1383,245,1109,174,832,97,1706,1173,11.0,57.3,0.7501,13.8
4.4,1597,553,1395,235,652,110,2080,1519,11.2,56.9,0.7565,23.7
3.4,1318,450,1124,218,762,113,1770,1287,12.1,54.9,0.7734,14.2
1.7,1138,118,898,136,950,88,1505,966,15.1,44.3,0.7535,8.0
1.5,1098,118,842,117,1012,85,1440,828,15.6,40.6,0.7146,6.7
1.7,1118,144,927,119,959,96,1477,825,16.9,34.6,0.6597,8.7
2.2,1170,159,1009,126,879,106,1566,872,16.6,35.6,0.6697,10.8
2.7,1390,230,1028,197,829,126,1730,1002,9.6,81.1,0.972,11.4
2.8,1353,320,1096,195,774,130,1783,1159,11.7,69.1,0.9497,13.4
2.7,1260,263,1050,156,828,111,1722,979,10.7,68.5,0.8794,12.0
4.5,1501,556,1302,247,681,134,2008,1311,10.7,67.3,0.8643,20.2
3.5,1273,458,1130,190,795,136,1744,1071,10.8,65.7,0.8486,14.4
2.6,1179,214,955,169,928,125,1571,899,10.3,66.3,0.8336,9.4
1.7,1047,97,809,118,1064,108,1435,766,10.1,66.9,0.8248,5.9
1.3,973,79,739,81,1186,87,1354,589,10.4,61.1,0.7717,4.5
1.3,997,81,737,80,1168,89,1341,631,10.3,59.9,0.7516,4.5
1.0,970,52,621,42,1400,58,1249,479,11.0,58.4,0.7686,2.5
0.7,902,38,568,38,1450,54,1253,479,9.1,68.1,0.789,1.8
0.5,858,29,490,18,1707,28,1212,378,9.3,72.3,0.8496,0.9
0.5,878,21,457,12,1935,20,1158,344,9.9,66.8,0.8152,0.6
0.6,893,46,540,43,1604,51,1268,413,7.6,83.2,0.8695,1.4
1.1,1038,55,697,84,1260,82,1383,605,8.1,79.0,0.8544,3.8
2.7,1320,271,1035,184,902,112,1721,991,8.7,74.6,0.8429,11.6
3.5,1353,434,1235,202,740,119,1937,1175,8.6,75.1,0.8415,17.8
2.3,1133,300,933,133,969,99,1552,923,9.7,69.7,0.8389,8.8
1.6,1066,116,849,130,1039,98,1468,829,11.0,64.4,0.8447,6.8
1.3,1027,95,809,106,1081,88,1442,733,13.6,53.0,0.8209,5.9
2.0,1106,211,935,132,958,96,1570,819,14.2,48.4,0.778,8.9
1.9,1038,168,907,106,976,81,1492,723,14.2,46.3,0.7438,8.2
1.9,1084,154,924,125,986,92,1501,786,16.0,41.3,0.7462,8.6
2.2,1105,267,982,138,939,105,1545,850,17.7,35.4,0.7094,10.1
2.0,1102,143,957,120,968,88,1527,820,17.1,37.4,0.7225,9.4
2.9,1240,374,1137,158,836,103,1748,991,14.9,40.5,0.6835,14.6
5.2,1443,797,1418,253,666,141,2060,1454,13.4,47.8,0.7293,24.6
4.6,1389,698,1341,231,692,133,1982,1488,12.6,52.5,0.7642,21.6
2.5,1183,234,989,150,904,119,1539,1205,12.2,53.2,0.7555,10.3
1.5,1014,104,798,99,1083,106,1376,909,10.6,56.1,0.714,5.7
1.2,979,67,736,75,1154,92,1324,769,9.9,59.5,0.7276,4.5
1.7,1048,88,787,93,1098,97,1373,835,9.6,61.1,0.7323,5.5
1.4,1024,79,753,79,1131,91,1357,793,9.7,61.6,0.7425,4.8
1.2,974,61,690,67,1208,83,1313,733,9.4,62.6,0.7398,3.6
0.7,925,40,602,45,1398,59,1263,562,8.0,69.4,0.7459,2.2
0.8,952,52,654,72,1210,73,1312,832,7.7,72.4,0.7655,3.0
0.9,1005,64,713,103,1130,78,1363,924,8.0,71.8,0.7711,4.0
1.6,1122,88,842,132,1015,90,1438,974,8.5,66.3,0.7375,6.7
3.4,1351,375,1201,239,783,110,1828,1307,9.8,59.6,0.7214,16.7
3.8,1408,592,1278,275,682,114,1928,1481,11.2,57.0,0.7544,19.3
3.1,1304,357,1142,232,772,119,1747,1405,14.8,44.1,0.7407,14.8
2.7,1207,296,1098,180,826,121,1664,1195,16.8,35.3,0.6729,13.4
2.0,1099,181,1014,112,948,97,1503,868,19.2,27.1,0.5976,11.0
2.3,1106,211,1068,116,915,99,1535,874,19.1,26.2,0.5741,12.5
1.9,1009,199,916,103,1015,85,1391,738,16.3,30.8,0.5683,8.4
1.3,962,81,776,89,1152,75,1279,550,14.2,36.8,0.5922,5.3
1.9,1093,143,933,112,976,87,1454,777,13.4,41.0,0.6292,8.8
2.3,1180,247,1023,127,886,102,1588,966,14.2,43.3,0.6982,11.2
2.4,1168,239,1037,125,868,105,1580,990,12.1,45.6,0.6403,11.6
2.7,1168,267,1063,120,876,98,1540,944,10.4,48.0,0.6046,12.4
2.6,1140,261,1000,120,916,93,1490,962,10.0,51.1,0.628,10.6
1.5,1001,97,811,99,1097,91,1308,778,9.8,50.8,0.6172,6.0
1.2,953,66,743,79,1185,85,1252,690,9.7,50.4,0.6063,4.6
1.1,972,60,715,66,1237,74,1258,644,9.9,50.2,0.6103,4.1
1.5,1021,77,776,94,1144,87,1307,753,9.4,53.4,0.63,5.2
1.0,940,57,664,70,1290,79,1232,646,8.6,57.8,0.6488,3.2
1.2,1046,65,736,75,1142,78,1312,838,8.1,62.1,0.6746,4.5
0.8,915,27,578,32,1417,48,1212,665,8.2,58.9,0.6444,1.9
0.9,935,25,615,54,1373,59,1250,717,6.3,66.6,0.641,2.4
1.1,976,42,669,68,1270,65,1266,795,7.2,62.9,0.6396,3.3
1.5,1124,78,842,98,1050,71,1418,936,7.2,63.9,0.65,6.7
1.8,1163,128,919,128,922,84,1530,1076,11.1,50.5,0.6654,8.5
2.1,1167,184,966,129,942,93,1520,1016,15.5,36.1,0.6313,9.7
2.1,1121,156,955,130,992,99,1451,834,17.8,29.2,0.592,9.4
1.9,1071,176,940,111,994,93,1449,756,17.6,30.1,0.6013,9.0
2.1,1065,232,979,106,950,96,1467,766,19.1,26.8,0.5861,10.0
2.5,1157,305,1072,137,888,114,1596,905,17.7,28.6,0.5735,12.6
1.9,1046,150,883,113,1051,101,1357,765,17.8,28.4,0.5737,7.6
2.2,1147,188,1042,122,934,108,1538,830,18.7,26.0,0.5555,11.8
2.3,1119,221,1022,137,916,117,1508,853,17.1,31.3,0.6038,11.2
2.7,1210,219,1062,165,886,125,1586,981,15.8,36.1,0.644,12.4
3.0,1306,306,1079,196,827,133,1621,1286,14.7,40.1,0.6657,12.9
2.8,1258,270,1057,174,841,119,1633,1244,13.6,44.9,0.6991,12.2
2.2,1148,231,930,140,948,107,1475,1056,12.5,48.1,0.6946,8.8
1.6,1108,125,848,102,1023,96,1421,1003,11.8,50.8,0.7042,6.8
2.1,1231,122,924,130,906,105,1483,1245,10.9,56.1,0.7326,8.6
2.3,1293,161,937,121,930,102,1464,1200,10.9,55.9,0.7277,8.9
2.3,1274,101,912,111,939,97,1451,1188,10.3,58.1,0.7278,8.3
1.7,1135,95,827,87,1013,79,1395,1070,9.3,62.2,0.7294,6.3
1.3,1010,96,769,77,1110,69,1396,895,8.3,64.9,0.7124,5.1
0.8,870,54,626,39,1325,52,1284,755,9.6,58.5,0.7,2.6
1.1,983,63,688,77,1251,62,1342,806,7.7,66.4,0.699,3.6
1.4,995,72,691,91,1219,69,1321,836,7.4,68.0,0.7043,3.6
1.3,1024,91,747,105,1136,75,1382,897,9.7,58.6,0.7035,4.7
1.9,1163,127,880,133,959,83,1486,1073,12.5,50.1,0.7242,7.5
2.3,1218,193,938,128,918,94,1501,1088,16.8,36.9,0.7018,9.0
2.3,1210,188,958,126,933,96,1514,1036,19.2,31.3,0.6887,9.5
1.8,1114,151,887,92,1020,86,1438,768,21.3,26.4,0.6607,7.7
1.4,995,103,796,66,1159,72,1287,587,21.2,23.1,0.5768,5.7
1.0,927,55,700,50,1285,53,1189,452,18.6,25.0,0.5319,3.8
1.4,1002,104,754,70,1189,65,1260,470,18.0,27.3,0.5594,4.8
1.3,987,116,727,73,1213,70,1244,502,18.2,28.3,0.5848,4.3
1.3,993,93,714,77,1217,75,1238,516,17.0,31.4,0.6048,4.1
1.4,1012,93,746,86,1174,86,1301,555,15.6,35.0,0.617,4.7
1.9,1114,155,823,93,1068,94,1357,671,14.1,40.2,0.6438,6.2
1.8,1093,115,789,105,1102,103,1329,788,13.4,43.2,0.6623,5.5
1.1,968,75,669,67,1261,81,1246,538,12.3,46.8,0.6686,3.3
1.1,960,65,666,63,1266,80,1224,544,11.9,46.5,0.6449,3.2
1.1,942,57,648,63,1300,77,1204,500,11.5,46.6,0.6319,2.9
0.9,888,40,598,46,1396,58,1156,417,10.6,48.0,0.6135,2.2
0.6,818,27,524,21,1588,31,1071,341,10.7,45.8,0.5895,1.3
0.5,840,23,509,22,1643,38,1076,352,10.4,46.6,0.5901,1.1
0.6,864,21,516,39,1496,59,1153,502,11.3,46.9,0.628,1.2
0.7,898,33,559,55,1441,70,1180,648,10.1,51.2,0.6341,1.7
0.9,946,40,643,76,1309,75,1232,760,9.9,50.7,0.6167,2.9
2.9,1309,279,1125,181,844,103,1687,1183,8.1,56.8,0.615,14.3
4.1,1326,743,1289,259,714,134,1806,1431,10.9,44.1,0.5748,19.7
1.5,966,147,786,118,1111,98,1258,705,11.8,37.6,0.5184,5.5
1.5,975,97,793,119,1133,97,1254,637,13.9,33.2,0.5222,5.6
1.5,988,118,803,123,1105,98,1293,658,15.6,30.1,0.5285,5.8
1.4,971,91,786,92,1129,78,1272,546,16.5,29.0,0.5406,5.5
1.6,1010,146,833,91,1070,83,1332,561,17.5,27.9,0.5517,6.5
1.5,984,139,790,103,1131,92,1268,532,17.9,26.8,0.5446,5.5
1.4,962,155,776,102,1131,81,1247,535,18.2,26.1,0.5387,5.2
1.5,1012,128,801,94,1098,90,1289,525,18.0,27.1,0.5522,5.8
1.9,1058,166,896,98,996,95,1358,603,17.0,28.9,0.5558,7.9
2.5,1173,299,985,126,905,114,1477,802,16.1,31.3,0.568,10.2
2.1,1127,163,907,108,957,106,1404,796,14.5,35.4,0.5839,8.2
1.6,1020,154,797,95,1066,99,1302,689,13.2,37.9,0.5733,5.7
1.2,949,80,700,78,1221,90,1178,553,13.1,34.4,0.517,3.8
1.1,930,58,710,61,1278,82,1137,509,13.5,28.5,0.4405,4.0
1.0,900,55,643,55,1339,74,1089,455,12.4,31.9,0.4583,2.8
1.0,899,33,630,57,1418,76,1050,425,13.1,26.8,0.4023,2.6
0.7,866,33,569,41,1468,66,1055,436,11.6,33.6,0.4595,1.8
0.7,900,32,563,46,1402,73,1130,618,10.5,42.9,0.5442,1.7
0.7,956,26,605,52,1341,71,1117,691,12.9,33.9,0.5037,2.3
1.1,1054,86,779,111,1080,98,1266,1013,11.3,40.3,0.5376,5.3
2.6,1343,294,1096,191,839,115,1587,1311,11.9,38.4,0.5341,13.4
4.0,1584,664,1399,244,642,130,1947,1675,13.3,35.6,0.5416,23.8
4.2,1556,695,1337,283,674,150,1852,1689,16.3,28.8,0.5305,21.5
4.7,1565,735,1324,320,695,159,1872,1688,17.9,28.2,0.5741,21.0
3.9,1429,649,1251,249,734,146,1754,1548,18.3,26.6,0.5529,18.4
3.7,1419,586,1267,219,742,138,1763,1490,20.8,22.5,0.5463,18.9
3.4,1373,546,1213,200,791,128,1711,1354,22.4,20.0,0.5352,17.1
2.2,1185,245,992,138,942,97,1448,1014,20.9,21.7,0.5295,10.4
1.9,1122,178,897,118,991,91,1372,831,19.1,26.5,0.579,8.0
1.6,1085,130,820,99,1060,81,1325,699,18.1,30.6,0.6295,6.2
2.1,1249,151,968,112,874,99,1527,926,17.3,34.7,0.6788,9.7
2.2,1236,272,962,117,853,101,1532,928,15.8,40.4,0.7228,9.6
2.7,1334,301,1047,129,815,106,1638,1038,15.9,42.0,0.7541,11.9
2.4,1264,237,928,132,884,102,1534,1035,15.9,43.5,0.779,8.7
1.3,1073,95,746,73,1072,84,1360,789,15.0,46.1,0.7833,4.7
1.2,1053,68,701,68,1147,81,1323,692,15.1,44.6,0.7574,3.8
1.5,1098,101,747,80,1094,91,1360,764,14.9,43.5,0.7302,4.7
1.3,1029,81,702,68,1180,82,1287,639,14.8,41.0,0.685,3.8
1.0,973,50,631,44,1287,64,1240,541,14.8,40.8,0.6814,2.7
0.9,972,66,639,47,1222,70,1256,678,14.8,40.8,0.6834,2.8
0.5,851,18,477,15,1699,26,1064,343,14.5,36.1,0.5928,0.8
0.6,909,31,545,44,1473,58,1131,436,14.6,36.0,0.5947,1.5
1.0,1038,57,684,85,1220,93,1279,688,14.4,38.5,0.6291,3.5
3.1,1636,342,1168,207,721,110,1926,1438,13.8,58.2,0.9129,15.6
4.1,1580,644,1295,230,639,115,1957,1489,13.2,61.1,0.9256,19.9
2.2,1262,216,924,181,872,125,1576,1093,10.4,74.4,0.9384,8.6
1.7,1197,117,837,144,957,118,1498,965,11.5,71.0,0.9582,6.5
1.9,1277,156,886,140,902,109,1579,1004,12.2,70.0,0.9924,7.7
2.9,1430,332,1025,204,779,123,1772,1166,12.3,73.3,1.0442,11.3
2.2,1242,232,944,149,846,114,1638,991,11.3,78.1,1.0411,9.1
2.6,1349,295,1023,171,804,114,1748,1054,13.6,69.2,1.0746,11.2
3.1,1390,386,1100,195,755,119,1799,1192,14.9,59.3,0.9974,13.5
2.3,1224,278,980,152,850,111,1637,1055,15.7,50.9,0.8997,10.1
2.4,1253,263,1026,128,810,103,1681,1048,15.2,52.9,0.9087,11.3
2.8,1312,322,1041,121,821,103,1712,1073,15.5,50.8,0.8881,11.8
2.7,1254,226,1033,142,819,107,1669,1068,14.3,52.9,0.8581,11.5
2.3,1198,221,953,131,882,105,1588,1019,13.2,56.0,0.8446,9.3
1.5,1060,109,787,81,1044,91,1418,833,12.6,57.0,0.8315,5.5
1.4,1050,105,769,60,1078,79,1409,759,12.3,57.8,0.8224,5.1
1.2,1029,84,754,57,1098,79,1395,749,12.0,58.4,0.8164,4.8
1.6,1143,106,825,96,986,86,1477,978,12.0,61.6,0.8593,6.3
1.2,1044,100,770,85,1031,70,1425,944,11.5,63.9,0.8652,5.1
1.1,1034,71,716,50,1085,55,1405,891,10.7,67.2,0.863,4.1
0.7,909,44,615,57,1237,49,1322,790,10.2,66.6,0.8299,2.4
0.9,996,45,648,64,1176,50,1340,852,11.0,63.7,0.8325,2.9
1.7,1154,134,876,153,1002,67,1561,987,9.6,68.8,0.8243,7.4
4.2,1510,505,1291,342,675,94,1949,1435,9.5,69.6,0.8273,19.8
6.2,1722,1042,1595,378,539,119,2439,1798,11.9,60.9,0.8455,31.9
4.6,1512,737,1323,304,631,139,2001,1677,16.2,48.6,0.8892,21.0
2.8,1258,375,1040,192,800,113,1701,1282,19.2,39.6,0.8693,11.7
1.6,1094,124,850,130,970,88,1489,871,19.7,38.4,0.8743,6.8
1.7,1129,137,875,106,974,73,1524,759,20.6,36.7,0.8797,7.4
1.7,1125,179,924,102,937,73,1542,790,21.8,33.9,0.8771,8.6
3.3,1308,388,1193,163,793,106,1193,1187,23.6,27.5,0.7913,16.4
4.2,1529,589,1331,211,700,132,2028,1399,22.8,32.1,0.8814,21.2
5.5,1592,840,1429,267,624,164,2089,1644,20.8,36.7,0.8878,25.0
4.9,1536,655,1302,269,666,161,1922,1599,18.3,40.9,0.8493,20.2
2.5,1192,254,1007,154,827,124,1604,1223,16.8,44.0,0.8341,10.8
2.0,1186,188,976,127,844,113,1570,1200,15.8,48.0,0.8569,9.9
2.0,1203,120,920,122,898,103,1529,1118,14.9,52.0,0.8757,8.5
2.0,1139,157,899,126,921,104,1514,1067,14.1,54.4,0.8701,8.0
1.3,1072,88,795,84,986,93,1442,1048,13.3,58.8,0.8922,5.6
1.0,954,68,667,58,1180,60,1350,718,13.3,60.9,0.9229,3.2
0.7,968,51,628,56,1197,66,1372,737,11.3,72.9,0.9738,2.6
1.1,1067,93,727,91,1055,82,1448,903,11.4,71.8,0.9671,4.3
2.6,1386,284,1083,159,798,109,1833,1159,11.9,73.7,1.0254,13.0
3.9,1474,486,1306,190,634,114,2060,1365,12.6,70.2,1.0221,20.3
5.0,1569,798,1316,249,634,139,2054,1510,13.6,65.3,1.0136,20.7
3.3,1375,524,1177,196,706,127,1898,1386,16.9,52.3,1.0013,15.9
2.9,1328,468,1123,180,738,127,1821,1368,19.4,44.1,0.9855,14.2
3.1,1341,454,1176,167,748,135,1825,1347,22.9,33.8,0.9322,15.9
3.0,1297,461,1183,159,765,130,1773,1242,23.6,31.3,0.9001,16.1
2.7,1303,391,1139,152,790,126,1761,1138,24.7,30.5,0.9371,14.7
2.7,1281,337,1116,149,809,121,1703,1080,26.1,27.3,0.9101,14.0
2.6,1248,297,1103,143,872,122,1632,1002,27.6,22.8,0.8288,13.6
3.7,1382,588,1288,185,778,138,1799,1212,26.9,22.3,0.7792,19.7
4.5,1491,721,1385,223,685,165,1915,1486,24.3,30.1,0.9012,23.3
4.7,1620,710,1407,215,641,154,2052,1567,21.2,40.1,0.9978,24.1
5.5,1693,787,1439,271,618,168,2083,1723,19.4,42.5,0.9483,25.4
3.0,1374,415,1121,180,771,146,1685,1399,18.5,43.0,0.9074,14.1
1.9,1287,245,982,115,841,124,1582,1291,17.8,47.0,0.9467,10.1
2.3,1408,294,1052,149,761,124,1684,1443,16.8,53.2,1.01,12.1
1.6,1254,139,941,98,828,106,1566,1270,17.1,51.8,0.999,9.0
1.3,1141,98,827,73,936,88,1488,1110,16.2,54.2,0.9933,6.3
1.2,1141,88,777,69,986,83,1455,1060,15.1,58.2,0.9886,5.3
0.8,986,57,651,60,1145,74,1380,891,14.5,58.0,0.9488,3.0
0.8,1005,57,673,56,1103,64,1387,905,13.7,61.6,0.9631,3.3
0.9,1041,60,683,73,1112,69,1398,899,13.9,59.6,0.9408,3.5
2.0,1272,200,959,159,846,91,1660,1136,13.3,61.7,0.9399,9.5
3.0,1436,451,1154,203,704,96,1872,1391,15.1,55.8,0.9486,15.2
3.1,1472,422,1126,211,720,106,1816,1460,17.0,50.5,0.9684,14.3
3.1,1461,424,1127,236,703,124,1836,1451,15.6,57.4,1.0075,14.3
3.0,1430,339,1107,228,713,121,1853,1409,16.6,55.2,1.0382,13.7
3.2,1498,445,1171,206,684,114,1942,1434,17.0,54.3,1.0434,15.7
3.1,1454,535,1162,188,682,114,1915,1457,18.0,51.5,1.0552,15.4
2.5,1402,278,1069,158,733,106,1793,1325,19.5,47.5,1.0653,12.6
2.1,1327,256,971,124,803,89,1705,1120,21.6,41.7,1.0606,9.8
2.0,1273,245,963,98,832,82,1662,931,22.2,38.3,1.0106,9.6
3.2,1457,458,1190,160,678,111,1877,1212,20.3,42.8,1.0053,16.3
4.1,1543,710,1290,194,631,132,2011,1353,19.7,45.4,1.0312,19.8
3.9,1499,678,1239,174,651,121,1957,1359,18.8,47.5,1.0199,18.0
3.1,1378,436,1102,157,742,116,1796,1273,17.9,49.4,1.0064,13.6
2.0,1243,178,928,109,852,100,1622,1079,17.5,50.9,1.009,8.7
1.7,1196,160,885,85,884,89,1589,973,17.4,51.8,1.023,7.7
1.6,1137,177,869,90,890,92,1554,951,17.0,53.9,1.0363,7.3
1.0,1015,101,718,61,1065,71,1428,714,16.6,55.4,1.0408,4.1
0.8,978,66,635,36,1188,51,1382,579,15.9,57.0,1.0224,2.7
0.5,933,40,547,25,1357,39,1336,542,15.0,59.2,1.0059,1.5
0.5,908,39,569,24,1303,35,1360,526,14.1,61.6,0.9883,1.8
0.8,980,62,677,73,1141,64,1435,659,14.6,58.8,0.9711,3.4
1.7,1236,120,920,164,880,94,1641,1012,14.4,58.9,0.9594,8.5
4.5,1664,599,1407,329,594,134,2198,1564,15.3,55.2,0.9538,24.1
6.2,1757,1084,1636,302,494,129,2560,1806,16.2,52.5,0.9576,33.7
4.4,1524,776,1350,256,588,125,2096,1604,18.4,46.3,0.9734,22.0
2.9,1329,470,1119,182,707,107,1823,1288,19.6,41.8,0.9407,14.1
1.6,1167,169,884,105,881,78,1580,931,20.2,40.1,0.937,7.6
2.6,1369,304,1132,136,715,91,1818,1162,20.9,36.6,0.8939,14.5
2.9,1284,405,1103,167,755,116,1704,1064,20.4,34.7,0.8229,13.6
2.5,1221,297,1032,166,811,131,1630,913,19.3,35.4,0.7813,11.5
1.9,1096,220,947,115,872,113,1519,684,18.6,36.9,0.7829,9.2
1.9,1143,226,988,109,849,98,1590,710,18.8,36.8,0.7883,10.3
2.7,1251,456,1116,143,760,116,1716,923,17.5,40.6,0.8068,14.0
3.0,1268,470,1148,159,728,120,1776,1006,16.8,44.3,0.8428,15.0
3.3,1314,503,1150,181,726,126,1784,1083,16.3,47.7,0.8746,15.1
3.2,1315,459,1142,178,724,126,1807,1161,15.6,50.7,0.8947,14.8
1.8,1095,227,918,91,896,90,1527,800,15.7,49.4,0.8768,8.5
1.3,1027,152,808,76,996,81,1458,647,15.8,48.6,0.8653,5.9
1.1,1012,94,752,66,1053,74,1393,649,15.7,47.0,0.8325,4.8
0.9,948,93,710,56,1127,67,1352,575,15.7,45.9,0.8121,4.0
0.7,889,49,603,35,1308,46,1271,455,15.6,44.9,0.792,2.3
0.4,830,30,538,21,1475,30,1214,392,15.6,44.4,0.7827,1.4
0.3,804,30,468,12,1826,19,1166,320,15.7,45.4,0.8063,0.7
0.3,824,32,478,22,1705,32,1200,331,15.3,50.1,0.8617,0.8
0.8,1000,59,688,55,1257,61,1398,426,14.2,58.6,0.9443,3.6
2.8,1307,277,1082,152,777,111,1769,830,14.3,58.2,0.9431,12.9
3.1,1286,454,1171,153,716,102,1821,1006,15.0,52.0,0.8817,15.7
2.3,1150,211,925,152,865,116,1576,820,13.6,61.4,0.9519,8.6
1.6,1087,196,876,112,911,96,1554,737,16.1,53.1,0.9675,7.4
1.5,1016,110,839,119,991,97,1448,790,16.6,44.3,0.8294,6.6
1.6,1029,164,892,122,937,110,1474,760,17.4,40.3,0.7922,7.8
1.8,1109,151,943,115,883,103,1604,767,18.1,42.2,0.8679,9.1
1.4,997,112,817,84,1030,79,1426,626,14.4,51.8,0.8433,6.1
1.9,1177,117,880,146,927,104,1552,776,10.9,76.4,0.9953,7.5
1.2,1045,120,808,65,1038,69,1421,589,16.4,47.7,0.8819,5.9
2.3,1171,251,1073,120,847,96,1623,872,18.0,37.1,0.7598,12.7
3.3,1221,435,1101,185,799,121,1700,996,14.7,48.7,0.8089,13.5
3.1,1262,345,1133,157,774,129,1748,1033,11.3,71.3,0.9514,14.5
3.3,1207,343,1013,174,876,116,1632,982,10.0,74.0,0.9087,11.0
1.2,956,62,666,62,1235,71,1282,518,9.8,71.8,0.8702,3.2
1.3,1020,70,727,81,1153,85,1391,631,9.3,75.2,0.8796,4.3
1.9,1107,114,861,118,957,101,1510,879,9.6,76.0,0.9088,7.1
1.4,1020,88,752,95,1074,97,1398,839,9.3,75.0,0.8799,4.8
1.5,1051,95,798,84,1016,89,1455,876,9.0,76.7,0.8825,5.7
1.1,965,83,716,56,1087,72,1383,827,8.2,79.6,0.8672,4.1
0.8,869,68,642,69,1291,62,1288,723,8.1,72.1,0.7798,2.8
1.1,939,59,754,74,1169,64,1384,797,8.1,70.4,0.7609,4.8
2.6,1274,226,1109,161,820,80,1723,1138,8.1,70.5,0.7627,13.8
5.1,1512,802,1482,308,596,118,2189,1605,9.9,64.3,0.7859,27.1
4.2,1435,585,1271,300,676,130,1885,1569,13.0,54.2,0.809,19.1
2.6,1207,324,1041,189,813,113,1620,1319,16.5,42.6,0.7912,11.7
2.4,1223,308,1075,164,818,112,1678,1198,19.3,34.2,0.7566,12.7
2.1,1121,238,1026,122,865,96,1541,958,21.5,27.4,0.6941,11.3
2.6,1176,301,1123,166,816,125,1609,1068,20.4,26.7,0.6323,14.2
2.8,1144,294,1114,181,845,128,1551,1010,20.6,22.6,0.5432,13.9
2.5,1136,353,1089,127,856,101,1552,928,20.6,24.8,0.5931,13.2
1.9,1085,209,1004,106,888,95,1454,816,21.0,25.4,0.6264,10.7
3.6,1297,538,1287,192,723,138,1798,1216,21.5,24.5,0.6203,19.7
4.6,1408,808,1404,241,646,154,1972,1463,19.3,28.6,0.6357,24.0
6.3,1618,974,1530,326,579,171,2167,1791,18.0,32.9,0.6737,29.1
4.3,1319,544,1172,232,746,136,1699,1425,15.8,39.8,0.7096,15.8
1.6,1045,138,857,92,968,93,1410,922,15.3,41.5,0.7194,7.0
1.4,1058,92,824,95,993,99,1411,971,14.1,46.0,0.7363,6.3
2.3,1176,169,917,157,866,95,1560,1151,12.0,67.9,0.9523,8.4
1.3,1047,77,783,83,1014,79,1449,975,12.0,66.9,0.9336,5.4
1.7,1116,98,854,118,929,78,1533,1034,11.5,70.1,0.9503,6.9
1.7,1074,102,832,101,951,75,1507,980,11.4,69.8,0.939,6.4
0.8,898,69,669,46,1163,52,1386,807,10.8,70.3,0.9092,3.3
1.0,970,89,708,81,1121,55,1435,842,10.2,73.4,0.9129,4.0
1.4,1073,134,812,112,988,65,1500,950,10.8,70.5,0.9142,6.0
1.7,1081,157,906,150,895,72,1591,1024,11.0,71.0,0.9279,8.2
2.0,1159,167,976,138,837,76,1663,1098,12.4,64.0,0.9206,9.9
2.0,1112,157,931,124,869,84,1588,1011,15.0,53.1,0.8993,8.8
1.9,1112,172,917,124,897,90,1542,931,16.6,44.4,0.8313,8.4
2.1,1063,114,877,115,971,89,1481,811,18.0,38.4,0.7862,7.5
1.8,1032,166,892,101,973,87,1457,756,20.6,30.0,0.7213,7.8
1.5,936,94,829,90,1054,88,1336,607,19.9,26.7,0.6137,6.4
1.3,883,108,766,90,1152,81,1238,498,19.8,23.1,0.5283,5.1
1.4,942,98,852,89,1055,89,1318,540,21.4,22.7,0.5722,6.9
1.5,943,132,850,92,1084,91,1296,544,22.1,21.3,0.5605,6.8
1.7,1007,144,875,103,1027,104,1357,620,21.1,24.5,0.604,7.4
2.0,1037,165,927,122,949,111,1426,740,18.3,31.6,0.6562,8.7
2.5,1127,210,1022,159,871,129,1534,921,16.1,35.0,0.6372,11.2
2.4,1123,277,996,172,861,133,1551,1033,14.8,41.5,0.6929,10.5
2.0,1110,168,909,125,916,115,1487,984,13.2,50.3,0.7577,8.2
2.9,1247,248,1037,187,812,125,1618,1193,12.3,55.5,0.7916,11.6
2.5,1220,235,967,174,844,117,1545,1219,11.8,56.6,0.7833,9.7
1.4,1028,84,770,75,1047,84,1326,913,11.2,56.2,0.7469,5.1
1.2,978,75,711,48,1144,63,1304,750,11.0,56.6,0.7418,4.0
1.0,949,62,694,61,1160,68,1310,772,9.3,64.3,0.7531,3.7
0.7,836,38,643,38,1244,49,1306,727,7.7,70.7,0.7463,2.9
0.8,856,44,644,41,1259,49,1301,746,7.4,71.0,0.7346,2.9
0.9,888,60,651,51,1240,52,1298,733,8.2,66.6,0.7283,3.0
1.1,912,88,694,61,1196,58,1343,727,8.7,64.3,0.7267,3.7
1.0,938,70,706,47,1177,51,1320,642,13.0,47.9,0.7116,3.9
1.6,1053,94,823,87,1040,77,1386,810,17.4,35.4,0.699,6.2
1.8,1087,126,870,107,1014,90,1412,851,20.2,29.2,0.683,7.3
2.6,1153,181,945,161,969,118,1425,911,22.7,22.9,0.6224,9.2
1.1,894,66,710,61,1209,70,1200,611,22.3,22.4,0.5955,4.0
0.6,797,54,606,26,1452,35,1076,368,22.2,18.9,0.4993,2.3
0.9,854,48,658,42,1409,46,1108,369,22.0,19.0,0.4969,3.1
1.0,892,66,665,55,1348,58,1150,394,21.0,23.6,0.5788,3.2
1.2,935,65,672,65,1299,61,1183,415,19.6,27.4,0.6162,3.3
1.4,989,68,709,75,1225,80,1233,469,17.9,30.8,0.6258,4.0
2.0,1063,118,797,93,1079,93,1285,607,16.4,35.3,0.6532,5.7
1.1,922,65,674,63,1220,78,1205,498,15.6,37.5,0.6575,3.4
1.1,925,63,680,60,1223,76,1217,481,15.5,36.7,0.6438,3.5
1.1,924,61,648,63,1272,74,1186,465,14.5,39.0,0.6428,2.9
1.1,914,63,661,66,1256,81,1187,478,14.2,38.2,0.6163,3.1
0.7,840,31,556,41,1474,58,1094,366,13.7,38.3,0.5957,1.6
0.6,799,29,514,42,1615,59,1036,332,14.1,34.0,0.5442,1.1
0.7,856,34,581,36,1448,54,1111,346,14.6,34.0,0.5605,2.0
0.3,753,9,462,16,1822,25,955,274,13.9,30.9,0.4868,0.7
0.3,785,14,448,16,1923,26,1003,263,13.5,37.9,0.5852,0.5
0.4,835,23,472,33,1756,49,1117,314,13.9,43.6,0.6871,0.7
0.5,865,36,494,39,1613,53,1185,367,13.5,50.1,0.7706,0.9
0.6,922,39,541,45,1453,57,1246,432,13.3,53.6,0.8169,1.5
0.8,975,38,598,63,1268,73,1293,536,13.4,56.0,0.8576,2.2
1.0,1040,55,646,71,1210,78,1325,555,13.0,59.6,0.886,2.9
1.3,1115,75,707,104,1105,93,1384,677,12.7,62.7,0.9173,3.9
1.1,1004,64,641,85,1201,71,1305,557,12.1,60.5,0.8505,2.8
0.6,895,39,536,53,1415,56,1229,421,11.2,64.4,0.8537,1.4
0.7,917,42,563,58,1415,60,1257,423,10.7,67.6,0.8703,1.7
1.2,1025,78,689,89,1189,77,1325,519,11.4,61.2,0.8236,3.6
1.4,1035,69,660,96,1222,82,1301,533,9.9,70.5,0.8581,3.1
1.2,1025,67,682,88,1197,77,1313,537,10.3,65.2,0.8151,3.5
1.3,1040,83,705,100,1149,91,1324,612,11.0,58.9,0.7714,3.9
1.8,1070,79,776,127,1065,93,1369,697,10.6,59.5,0.7595,5.2
1.2,964,68,692,88,1176,82,1292,573,10.6,57.7,0.7362,3.7
0.8,904,56,635,66,1269,74,1233,489,10.6,56.1,0.7149,2.7
0.8,913,49,626,61,1271,68,1234,474,10.3,58.0,0.7239,2.6
0.8,914,56,610,54,1322,65,1230,455,10.4,58.4,0.7352,2.4
0.7,893,48,587,46,1368,58,1219,433,10.7,58.2,0.7459,2.0
0.5,844,27,532,25,1499,36,1176,376,10.5,59.9,0.7624,1.3
0.3,837,29,518,18,1581,29,1182,360,10.5,60.8,0.7704,1.2
0.3,825,47,489,21,1565,28,1171,363,11.1,60.1,0.7925,0.9
0.7,956,66,656,76,1251,68,1356,525,10.1,68.4,0.8443,3.1
1.6,1124,163,853,149,960,99,1531,873,10.0,68.7,0.8456,6.9
3.9,1496,524,1272,328,667,130,2011,1399,11.0,64.2,0.8398,19.1
4.5,1452,657,1354,282,620,128,2057,1501,12.0,58.1,0.8138,22.1
2.7,1172,324,1042,206,797,120,1641,1186,12.8,52.0,0.7643,11.8
1.6,1020,144,871,133,956,93,1426,911,12.6,50.8,0.7387,7.3
1.6,1044,135,900,137,934,96,1471,919,13.8,47.4,0.7435,8.0
1.6,1020,140,866,116,972,84,1429,791,15.1,42.7,0.7294,7.2
1.5,1009,141,885,112,994,87,1439,751,16.3,38.1,0.7006,7.7
1.8,1073,181,966,128,935,87,1537,805,16.6,36.7,0.6867,9.7
2.1,1098,227,971,145,877,103,1527,966,15.8,40.5,0.7241,9.8
1.7,1061,149,887,110,920,88,1462,869,16.3,41.8,0.7712,7.7
3.0,1289,425,1158,184,755,118,1791,1196,16.1,42.8,0.7783,15.3
4.6,1442,669,1337,243,630,134,2004,1523,15.3,46.8,0.8074,21.5
5.0,1479,680,1343,259,631,144,1995,1579,14.7,47.0,0.7815,21.7
3.5,1266,446,1138,205,726,129,1747,1370,14.1,49.6,0.7931,14.6
2.1,1149,205,952,144,845,108,1577,1204,13.5,54.1,0.8351,9.3
2.1,1168,194,954,152,843,104,1586,1201,12.3,59.2,0.8461,9.4
1.5,1079,115,847,108,925,90,1463,1122,11.6,62.2,0.851,6.8
1.1,1047,74,760,64,1032,74,1379,1003,11.5,61.4,0.8303,4.9
0.9,936,85,705,73,1086,73,1364,918,10.9,64.6,0.8395,3.9
0.7,900,66,635,47,1207,60,1307,836,11.1,63.2,0.8331,2.7
0.9,905,47,670,79,1191,62,1346,820,10.2,65.8,0.8196,3.3
1.6,1079,116,875,113,947,71,1535,998,10.3,65.6,0.8225,7.4
3.9,1417,478,1246,263,669,94,1921,1403,10.8,64.0,0.8307,18.2
5.0,1529,836,1497,275,569,99,2278,1641,13.3,55.6,0.8453,27.7
4.3,1397,655,1248,263,659,119,1906,1534,15.8,46.8,0.8328,18.3
2.7,1214,312,1061,183,780,103,1662,1257,19.5,34.4,0.7738,12.3
2.1,1109,195,935,147,882,95,1518,1026,21.1,30.2,0.745,8.9
2.1,1122,238,993,132,859,95,1571,993,18.4,34.2,0.7185,10.4
3.9,1489,536,1270,309,633,114,1889,1638,13.5,53.4,0.8196,19.1
3.8,1451,481,1219,327,661,127,1804,1633,15.0,49.3,0.8364,17.3
3.8,1454,460,1225,299,661,135,1809,1654,17.1,42.1,0.812,17.5
3.9,1392,597,1210,257,689,135,1792,1559,18.4,36.9,0.7758,17.0
3.5,1351,465,1210,195,709,120,1783,1374,19.3,35.4,0.7824,17.0
4.0,1418,542,1282,231,681,129,1890,1418,19.2,35.7,0.7826,19.5
3.0,1303,437,1143,170,748,114,1734,1228,21.5,30.4,0.7677,14.8
3.1,1292,383,1116,192,746,129,1676,1293,19.6,34.6,0.7807,14.0
5.2,1560,778,1413,251,594,149,2046,1642,19.6,35.5,0.8017,24.4
5.9,1765,926,1507,289,533,149,2271,1895,18.3,44.1,0.9183,28.1
7.3,1875,1189,1637,351,482,158,2446,2086,17.4,47.8,0.9392,33.7
6.1,1746,824,1409,319,553,148,2119,1898,16.8,49.8,0.9446,24.2
4.6,1607,660,1290,264,587,134,1960,1758,16.2,53.2,0.9723,19.8
2.5,1277,203,952,144,802,111,1607,1284,14.9,59.1,0.9928,9.3
2.2,1207,136,868,119,877,106,1532,1075,13.9,64.0,1.013,7.3
2.0,1209,114,863,120,882,108,1547,1084,13.7,66.8,1.041,7.1
1.9,1189,110,844,96,887,93,1566,1049,13.4,69.6,1.0688,6.7
1.6,1132,127,810,77,899,83,1532,1021,12.8,71.9,1.0632,6.0
1.0,1033,70,686,63,1030,69,1420,948,11.9,74.8,1.038,3.6
1.2,1075,93,782,97,941,77,1505,988,11.6,76.4,1.0415,5.4
2.0,1242,179,978,180,778,87,1686,1184,11.7,75.3,1.0325,10.0
4.5,1657,523,1384,352,579,109,2176,1600,12.8,71.0,1.0428,23.2
4.1,1406,546,1258,279,636,116,1890,1495,13.8,61.1,0.9595,18.7
2.6,1150,251,973,186,827,105,1590,1188,15.3,51.4,0.8886,9.9
2.3,1184,222,983,169,823,106,1604,1166,16.6,48.7,0.9146,10.2
2.6,1223,212,1014,172,781,108,1666,1219,17.6,46.7,0.9324,11.0
2.4,1196,263,997,127,802,100,1644,1128,19.2,42.7,0.9425,10.5
4.3,1559,535,1267,230,653,149,2047,1373,15.7,62.5,1.1092,18.9
4.6,1544,609,1266,280,613,148,2066,1415,14.5,75.7,1.2425,18.9
4.0,1485,449,1223,242,650,126,1980,1302,14.4,77.4,1.2654,17.5
4.7,1498,536,1230,250,649,140,1963,1308,14.6,74.9,1.2391,17.7
5.7,1593,743,1378,309,582,142,2159,1449,14.6,76.0,1.2573,23.0
5.2,1529,575,1309,270,627,141,2083,1385,14.0,76.3,1.2166,20.4
6.4,1689,783,1474,323,560,149,2298,1492,13.9,78.0,1.2303,26.8
6.0,1535,706,1295,307,627,140,2039,1380,13.8,78.0,1.2229,19.9
3.4,1304,299,1067,224,737,117,1811,1167,13.5,79.4,1.2224,12.5
2.7,1235,159,963,166,803,103,1680,1095,13.1,80.1,1.2016,9.6
3.1,1281,171,977,171,794,99,1695,1105,12.8,81.0,1.1915,10.0
2.6,1167,162,904,169,846,100,1627,1051,12.7,80.6,1.1819,8.1
2.2,1134,111,863,120,869,88,1599,1009,12.5,81.8,1.1838,7.1
1.9,1100,134,829,103,887,83,1565,972,12.7,81.2,1.1849,6.4
0.6,852,46,646,59,1186,59,1321,793,14.2,52.2,0.8413,2.9
0.8,923,56,757,72,1041,67,1418,906,14.3,55.4,0.9003,4.9
4.0,1490,452,1368,244,627,95,2119,1541,14.0,58.0,0.9202,22.6
5.6,1662,880,1576,351,523,123,2417,1861,15.4,53.3,0.9289,31.1
5.0,1553,759,1354,358,621,142,2030,1895,19.1,42.1,0.9233,22.1
3.2,1423,394,1247,245,706,142,1887,1684,23.7,31.0,0.8968,18.3
3.8,1458,639,1350,240,677,169,1947,1731,26.9,25.7,0.8942,22.0
3.3,1349,541,1299,179,728,142,1838,1402,29.7,20.6,0.8478,20.1
3.0,1326,468,1265,160,757,136,1835,1246,29.2,21.5,0.8573,18.9
3.2,1356,483,1312,174,729,147,1865,1342,29.6,20.1,0.8181,20.6
4.4,1460,682,1438,260,680,196,1953,1489,30.0,19.4,0.81,25.3
4.6,1497,698,1449,281,679,186,1985,1532,29.5,20.1,0.8136,25.8
5.2,1645,832,1566,284,599,177,2228,1909,27.0,26.8,0.9403,30.6
4.8,1557,872,1483,250,615,164,2087,1757,24.9,30.8,0.954,27.1
5.6,1747,899,1608,281,557,161,2335,1983,23.1,36.7,1.0244,32.5
4.6,1482,692,1319,230,660,146,1975,1703,21.5,40.8,1.0333,20.8
1.8,1211,145,1010,98,816,98,1619,1246,20.5,41.5,0.9864,10.9
2.2,1294,208,1083,121,770,108,1687,1321,19.2,44.9,0.9875,13.0
2.0,1300,204,1043,110,777,107,1659,1375,18.8,47.7,1.0221,11.8
2.8,1402,240,1098,161,736,113,1729,1456,18.2,49.7,1.0284,13.4
2.6,1349,251,1097,148,707,100,1763,1442,16.1,57.4,1.0451,13.4
1.8,1161,173,938,109,827,87,1597,1243,16.3,55.3,1.0178,9.0
0.7,933,65,697,71,1045,65,1403,937,14.8,57.7,0.9644,3.7
0.9,1021,119,800,75,931,64,1483,1019,14.0,59.7,0.9499,5.7
1.5,1134,151,979,106,794,73,1639,1140,14.6,56.8,0.9385,10.0
2.5,1311,305,1147,166,681,86,1838,1351,16.7,51.9,0.9788,15.0
3.0,1409,415,1169,188,685,105,1874,1459,20.0,45.0,1.039,15.6
2.6,1301,321,1059,161,787,107,1727,1297,23.9,33.7,0.9837,12.3
2.6,1354,358,1130,139,765,114,1808,1291,26.8,29.5,1.0209,14.4
2.6,1391,350,1136,134,738,105,1840,1296,27.2,32.4,1.1493,14.6
1.9,1200,238,929,84,879,74,1623,972,26.9,32.1,1.1217,8.7
2.0,1338,215,1016,98,798,95,1766,1194,24.3,41.8,1.2561,11.0
1.7,1223,192,938,91,884,89,1610,880,25.6,36.0,1.1629,9.0
1.9,1278,205,1003,99,845,95,1691,909,27.0,31.8,1.1176,10.7
1.8,1257,165,973,90,860,93,1634,839,27.5,31.6,1.1417,9.9
2.8,1497,283,1171,147,725,123,1899,1248,24.9,38.1,1.1838,15.7
3.5,1567,467,1280,177,661,134,1970,1476,23.4,39.7,1.1276,19.4
3.4,1503,485,1203,162,651,126,1863,1502,21.2,50.8,1.2631,16.8
2.0,1169,202,850,88,906,79,1584,873,15.6,73.5,1.2953,6.8
1.1,1007,64,650,53,1157,54,1404,528,12.9,79.7,1.1774,3.0
1.3,1004,71,667,68,1157,69,1365,492,11.5,76.9,1.0436,3.2
1.2,967,84,661,61,1181,67,1321,463,12.2,66.8,0.9455,3.1
1.3,984,70,707,71,1131,73,1359,494,12.4,64.1,0.9209,3.9
1.0,931,61,689,63,1161,73,1317,503,12.7,58.7,0.8605,3.6
0.3,763,20,471,14,1783,20,1098,305,12.5,50.9,0.7346,0.7
0.5,804,31,505,34,1718,37,1148,329,12.8,49.3,0.7285,1.1
0.6,830,41,535,42,1496,50,1184,375,13.5,48.6,0.7487,1.4
0.6,833,40,553,40,1476,45,1180,373,14.4,45.9,0.7476,1.6
0.8,875,35,603,48,1370,48,1206,385,15.1,43.9,0.7487,2.3
1.0,882,44,621,61,1346,56,1216,403,16.6,38.6,0.7236,2.5
0.9,862,71,635,58,1320,58,1193,393,17.2,35.0,0.6789,2.7
1.0,863,66,636,57,1290,52,1185,388,17.4,33.9,0.6683,2.7
0.8,830,46,596,54,1389,52,1145,371,17.9,30.7,0.6234,2.2
0.7,807,50,584,41,1488,44,1104,347,18.3,27.2,0.5675,2.0
0.9,873,51,675,57,1343,59,1181,396,19.4,25.7,0.5738,3.4
1.3,931,64,739,83,1274,74,1219,474,20.2,24.1,0.563,4.5
1.4,918,138,748,81,1228,76,1219,505,19.6,24.9,0.5625,4.7
1.5,1001,137,811,98,1122,83,1344,625,18.5,27.8,0.5843,6.0
2.7,1169,303,1039,124,883,100,1550,941,17.8,30.3,0.6129,11.7
2.5,1085,204,907,133,976,101,1419,893,16.6,34.0,0.6353,8.2
1.4,940,95,769,100,1103,90,1310,731,15.5,37.0,0.6447,5.1
2.8,1126,347,1083,116,875,93,1654,955,14.8,39.5,0.6595,13.0
2.1,978,252,858,102,1013,79,1379,761,14.5,42.0,0.6896,7.0
1.1,893,66,703,55,1192,57,1283,515,14.1,44.9,0.7206,3.9
0.7,838,45,601,33,1361,43,1220,434,14.2,45.5,0.7333,2.2
0.4,803,36,527,17,1513,25,1152,369,14.1,45.3,0.7247,1.3
0.4,809,21,521,35,1575,44,1158,378,13.9,43.9,0.6923,1.2
0.8,898,60,676,70,1271,72,1307,517,14.0,43.8,0.6959,3.4
1.9,1053,155,880,116,982,91,1464,786,14.4,43.6,0.7113,7.5
2.1,1033,235,934,134,917,89,1490,844,15.0,41.7,0.7093,8.9
1.4,941,89,780,113,1080,84,1343,720,16.3,38.4,0.7052,5.3
1.4,941,76,782,110,1102,83,1328,668,18.3,32.3,0.676,5.4
1.3,917,101,772,98,1098,78,1311,605,18.8,31.7,0.6821,5.2
1.5,977,109,837,96,1038,80,1413,646,19.6,30.9,0.6968,6.6
1.6,994,143,851,95,1018,75,1436,640,20.2,30.7,0.7176,6.9
1.3,942,104,785,86,1065,77,1365,571,19.7,32.5,0.7396,5.4
1.4,981,107,810,86,1060,77,1395,605,20.7,31.6,0.7602,6.0
1.5,984,133,832,91,1034,81,1410,636,20.0,32.7,0.7545,6.4
2.2,1116,171,1003,119,864,101,1625,886,18.6,35.4,0.7535,10.7
3.2,1181,405,1114,147,787,119,1685,1032,18.3,35.9,0.7501,13.9
3.0,1163,334,1068,135,811,111,1616,977,17.8,37.5,0.7568,12.5
2.6,1081,236,950,124,907,109,1496,924,17.3,38.8,0.7584,9.3
1.6,1017,99,842,89,1000,101,1441,846,17.3,38.8,0.7596,6.7
1.5,966,93,778,79,1057,89,1359,755,16.4,40.8,0.7542,5.3
1.2,924,82,709,63,1158,75,1318,610,16.0,41.4,0.7487,4.0
0.8,861,51,601,39,1351,51,1225,439,15.4,43.0,0.7482,2.2
0.7,826,41,560,25,1424,39,1197,402,15.7,42.5,0.7539,1.7
0.5,846,31,557,19,1385,32,1212,406,15.6,43.4,0.7651,1.6
0.7,930,38,670,58,1143,68,1339,746,15.5,47.3,0.8282,3.3
1.4,1120,111,935,112,843,76,1593,1126,14.4,53.1,0.8677,8.9
4.1,1518,584,1389,314,589,122,2101,1703,15.9,48.5,0.8704,23.4
4.6,1461,633,1398,240,630,129,2050,1628,18.1,40.3,0.8294,23.8
1.9,1075,145,896,128,938,94,1487,936,19.6,35.9,0.81,7.9
1.9,1061,155,908,141,968,99,1455,890,22.8,29.1,0.796,8.2
1.7,1066,128,931,118,979,81,1474,757,24.8,25.3,0.7793,8.8
2.4,1179,255,1137,132,829,87,1651,949,27.2,22.0,0.7785,14.6
3.0,1251,411,1238,150,773,107,1779,1109,28.2,20.4,0.7677,18.0
2.0,1120,173,1048,121,898,95,1560,870,25.4,24.2,0.7733,12.0
2.7,1187,277,1142,149,840,110,1651,1011,25.7,23.8,0.7737,14.8
2.2,1145,259,1066,120,903,99,1592,885,27.2,22.1,0.7811,12.5
2.9,1215,274,1164,155,817,113,1689,1015,27.0,22.3,0.786,15.5
3.4,1317,377,1231,172,766,127,1798,1155,24.5,27.8,0.8433,17.7
3.9,1388,457,1341,177,702,131,1955,1315,23.7,30.2,0.8718,21.6
3.6,1295,555,1266,181,716,137,1849,1359,21.5,34.5,0.8746,18.9
2.5,1153,279,1066,135,811,122,1651,1194,19.9,37.8,0.8675,12.5
1.8,1078,137,932,99,905,100,1511,951,18.9,40.6,0.8771,8.8
2.0,1133,203,1012,111,806,108,1608,1054,17.9,43.5,0.884,10.9
1.3,1055,101,899,72,880,83,1504,980,17.4,46.3,0.9112,8.0
1.0,953,86,735,54,999,74,1396,898,18.1,44.7,0.9186,4.4
0.6,892,51,639,41,1139,64,1359,803,16.5,50.1,0.9331,2.8
0.5,856,33,619,29,1191,39,1345,677,16.3,52.8,0.9722,2.5
1.1,1030,95,880,76,892,69,1539,996,13.9,60.7,0.9597,7.5
5.5,1689,754,1560,321,529,104,2396,1736,15.0,58.3,0.9876,30.4
4.2,1486,588,1351,274,571,100,2112,1692,16.1,54.8,0.996,22.0
4.6,1592,658,1423,322,577,146,2155,2108,19.3,46.4,1.0248,24.7
3.4,1469,372,1252,255,692,155,1903,1807,24.2,33.8,1.0097,18.4
2.8,1364,386,1205,196,723,139,1850,1566,26.7,28.7,0.9895,16.8
2.5,1285,333,1123,136,755,121,1741,1293,27.4,28.2,1.0098,14.2
2.4,1311,293,1170,119,748,108,1787,1219,28.1,26.9,1.0094,15.7
3.2,1416,511,1348,169,684,126,1969,1330,27.7,26.5,0.9693,21.9
3.5,1387,559,1318,197,701,145,1890,1299,28.4,23.4,0.8935,20.8
2.9,1329,375,1185,140,768,121,1750,1111,28.4,26.0,0.9922,16.2
3.6,1496,509,1292,178,680,145,1878,1300,27.3,30.0,1.0752,19.8
4.8,1676,790,1525,223,567,160,2226,1653,24.3,37.3,1.1199,28.9
5.4,1724,816,1510,222,562,155,2252,1716,23.1,42.2,1.1746,28.3
5.3,1642,804,1426,265,597,162,2117,1720,21.8,43.6,1.1226,24.9
2.7,1267,332,1088,151,764,129,1740,1339,19.8,46.8,1.0702,13.1
1.4,1146,156,923,79,845,96,1575,1166,19.6,49.8,1.1221,8.6
1.6,1216,143,960,87,788,92,1662,1256,17.9,56.2,1.142,9.5
1.5,1128,117,891,88,838,89,1574,1125,17.4,55.6,1.0963,7.8
1.0,1042,84,772,51,923,61,1495,968,16.8,59.5,1.1269,5.2
0.6,926,60,639,34,1115,54,1409,814,15.9,60.1,1.0806,2.8
0.8,959,64,734,76,1038,57,1470,861,13.3,67.0,1.0203,4.4
1.5,1097,148,956,139,827,68,1620,1047,12.9,66.5,0.9846,9.4
4.9,1674,635,1547,293,539,95,2405,1665,14.8,61.3,1.0237,29.8
7.2,1771,1129,1690,368,461,125,2572,1982,16.1,56.5,1.0274,36.2
3.5,1408,475,1241,250,648,135,1886,1711,18.6,47.8,1.0143,18.0
2.1,1156,220,1009,145,875,118,1583,1204,23.8,30.2,0.8771,10.9
1.5,1042,105,941,110,971,91,1491,871,25.4,25.0,0.7966,9.0
2.0,1167,190,1128,104,829,89,1716,1040,25.6,25.5,0.8234,14.4
3.8,1398,516,1360,205,656,129,2037,1439,24.9,29.9,0.9325,22.3
3.4,1458,346,1321,201,654,122,2023,1516,22.4,37.9,1.016,20.9
4.4,1554,565,1379,266,614,138,2151,1693,21.7,44.0,1.1242,23.1
3.9,1495,483,1331,246,615,136,2069,1635,21.4,44.4,1.1176,21.2
4.9,1560,651,1424,247,579,143,2176,1688,20.8,45.3,1.1016,24.8
5.4,1664,657,1519,271,553,145,2312,1820,20.2,48.6,1.1354,28.6
6.5,1761,830,1610,332,502,146,2488,2006,20.2,50.8,1.1924,32.6
4.3,1524,435,1275,245,608,122,2046,1740,18.6,57.6,1.2233,19.2
2.9,1398,209,1189,180,646,112,1931,1577,18.2,58.8,1.2173,16.3
2.7,1342,202,1106,156,694,102,1856,1443,17.8,61.0,1.2352,13.7
2.8,1433,174,1104,172,681,97,1876,1411,17.0,70.7,1.3554,13.6
2.3,1297,170,1019,137,733,85,1823,1217,16.2,76.9,1.4051,11.1
1.7,1179,116,884,91,830,76,1696,1086,15.7,78.6,1.3943,7.6
1.2,1097,91,809,80,897,74,1628,1050,15.7,78.4,1.3917,5.9
0.8,1005,48,738,68,1005,66,1563,917,15.7,74.7,1.3194,4.5
1.7,1206,111,949,162,818,90,1771,1116,15.9,73.1,1.3136,9.3
3.0,1458,345,1249,213,662,111,2033,1380,16.6,68.2,1.2737,18.3
3.4,1405,332,1295,161,638,103,2065,1378,18.7,57.6,1.2323,19.9
3.3,1381,344,1199,209,685,117,1970,1365,17.6,65.0,1.2945,16.6
2.7,1315,212,1072,191,736,116,1833,1273,16.3,73.2,1.3458,12.6
2.6,1332,166,1082,215,707,109,1889,1242,16.0,78.5,1.4209,12.9
3.2,1362,214,1145,212,673,116,1973,1294,17.3,72.4,1.4125,14.9
3.4,1399,377,1222,202,643,115,2061,1413,19.4,60.9,1.3545,17.4
2.6,1310,210,1160,153,695,94,1939,1224,21.4,50.9,1.2823,15.4
3.4,1399,265,1201,185,699,121,1971,1318,22.7,45.8,1.2465,16.7
4.0,1524,365,1239,210,644,114,2139,1404,20.9,60.8,1.4852,18.0
4.5,1487,454,1274,215,641,110,2133,1471,21.0,54.3,1.3353,19.2
4.2,1480,460,1324,215,622,122,2162,1623,20.8,54.4,1.3194,21.0
5.7,1626,642,1476,281,555,135,2356,1786,19.8,58.6,1.3392,26.9
4.4,1449,501,1282,254,625,133,2100,1569,19.1,61.1,1.3345,19.5
3.1,1363,234,1152,189,684,110,1951,1495,18.2,65.4,1.3529,15.1
3.0,1371,212,1136,174,689,102,1927,1471,18.1,66.1,1.3579,14.6
3.1,1406,275,1107,167,718,108,1872,1384,17.7,66.9,1.3422,13.7
3.5,1425,275,1155,185,709,110,1936,1789,17.8,66.8,1.346,15.2
